id,dataReferencia,municipio,tipo,valor,quantidadeBeneficiados
6104269,2021-02-01,1100106,"{'id': 6, 'descricao': 'Auxílio Emergencial', 'descricaoDetalhada': 'Auxílio Emergencial'}",27600.0,11
18304174,2021-02-01,1100379,"{'id': 6, 'descricao': 'Auxílio Emergencial', 'descricaoDetalhada': 'Auxílio Emergencial'}",6600.0,3
24104278,2021-02-01,1100205,"{'id': 6, 'descricao': 'Auxílio Emergencial', 'descricaoDetalhada': 'Auxílio Emergencial'}",383284.0,143
10704124,2021-02-01,1100940,"{'id': 6, 'descricao': 'Auxílio Emergencial', 'descricaoDetalhada': 'Auxílio Emergencial'}",5400.0,2
7804108,2021-02-01,1100304,"{'id': 6, 'descricao': 'Auxílio Emergencial', 'descricaoDetalhada': 'Auxílio Emergencial'}",29747.0,12
1704132,2021-02-01,1100114,"{'id': 6, 'descricao': 'Auxílio Emergencial', 'descricaoDetalhada': 'Auxílio Emergencial'}",39511.0,15
21104173,2021-02-01,1100155,"{'id': 6, 'descricao': 'Auxílio Emergencial', 'descricaoDetalhada': 'Auxílio Emergencial'}",30000.0,9
24204165,2021-02-01,1101492,"{'id': 6, 'descricao': 'Auxílio Emergencial', 'descricaoDetalhada': 'Auxílio Emergencial'}",3000.0,1
10104234,2021-02-01,1101559,"{'id': 6, 'descricao': 'Auxílio Emergencial', 'descricaoDetalhada': 'Auxílio Emergencial'}",9000.0,2
7404213,2021-02-01,5204557,"{'id': 6, 'descricao': 'Auxílio Emergencial', 'descricaoDetalhada': 'Auxílio Emergencial'}",3000.0,1
26604190,2021-02-01,1100346,"{'id': 6, 'descricao': 'Auxílio Emergencial', 'descricaoDetalhada': 'Auxílio Emergencial'}",1118.0,1
7904167,2021-02-01,1400472,"{'id': 6, 'descricao': 'Auxílio Emergencial', 'descricaoDetalhada': 'Auxílio Emergencial'}",5229.0,2
24404262,2021-02-01,1100031,"{'id': 6, 'descricao': 'Auxílio Emergencial', 'descricaoDetalhada': 'Auxílio Emergencial'}",6600.0,3
7704131,2021-02-01,1100130,"{'id': 6, 'descricao': 'Auxílio Emergencial', 'descricaoDetalhada': 'Auxílio Emergencial'}",14400.0,5
16904182,2021-02-01,1502152,"{'id': 6, 'descricao': 'Auxílio Emergencial', 'descricaoDetalhada': 'Auxílio Emergencial'}",8400.0,3
3504227,2021-02-01,5212055,"{'id': 6, 'descricao': 'Auxílio Emergencial', 'descricaoDetalhada': 'Auxílio Emergencial'}",903.0,1
27504180,2021-02-01,1503044,"{'id': 6, 'descricao': 'Auxílio Emergencial', 'descricaoDetalhada': 'Auxílio Emergencial'}",3000.0,1
11404087,2021-02-01,5219738,"{'id': 6, 'descricao': 'Auxílio Emergencial', 'descricaoDetalhada': 'Auxílio Emergencial'}",2400.0,1
12304224,2021-02-01,1504976,"{'id': 6, 'descricao': 'Auxílio Emergencial', 'descricaoDetalhada': 'Auxílio Emergencial'}",2400.0,2
25604149,2021-02-01,5203939,"{'id': 6, 'descricao': 'Auxílio Emergencial', 'descricaoDetalhada': 'Auxílio Emergencial'}",3000.0,1
16604220,2021-02-01,1507466,"{'id': 6, 'descricao': 'Auxílio Emergencial', 'descricaoDetalhada': 'Auxílio Emergencial'}",300.0,1
12404320,2021-02-01,1508035,"{'id': 6, 'descricao': 'Auxílio Emergencial', 'descricaoDetalhada': 'Auxílio Emergencial'}",6000.0,1
3804193,2021-02-01,5201454,"{'id': 6, 'descricao': 'Auxílio Emergencial', 'descricaoDetalhada': 'Auxílio Emergencial'}",3000.0,1
19104219,2021-02-01,5205497,"{'id': 6, 'descricao': 'Auxílio Emergencial', 'descricaoDetalhada': 'Auxílio Emergencial'}",48756.0,19
14404214,2021-02-01,1706258,"{'id': 6, 'descricao': 'Auxílio Emergencial', 'descricaoDetalhada': 'Auxílio Emergencial'}",4200.0,1
8704193,2021-02-01,5214879,"{'id': 6, 'descricao': 'Auxílio Emergencial', 'descricaoDetalhada': 'Auxílio Emergencial'}",9000.0,3
27704233,2021-02-01,5106653,"{'id': 6, 'descricao': 'Auxílio Emergencial', 'descricaoDetalhada': 'Auxílio Emergencial'}",4200.0,2
4804238,2021-02-01,1200104,"{'id': 6, 'descricao': 'Auxílio Emergencial', 'descricaoDetalhada': 'Auxílio Emergencial'}",12000.0,4
13104096,2021-02-01,1200203,"{'id': 6, 'descricao': 'Auxílio Emergencial', 'descricaoDetalhada': 'Auxílio Emergencial'}",33160.0,15
604135,2021-02-01,2100477,"{'id': 6, 'descricao': 'Auxílio Emergencial', 'descricaoDetalhada': 'Auxílio Emergencial'}",3000.0,1
22504216,2021-02-01,2101251,"{'id': 6, 'descricao': 'Auxílio Emergencial', 'descricaoDetalhada': 'Auxílio Emergencial'}",6470.0,3
9904105,2021-02-01,5106158,"{'id': 6, 'descricao': 'Auxílio Emergencial', 'descricaoDetalhada': 'Auxílio Emergencial'}",4200.0,2
14704097,2021-02-01,2102150,"{'id': 6, 'descricao': 'Auxílio Emergencial', 'descricaoDetalhada': 'Auxílio Emergencial'}",3000.0,1
17704163,2021-02-01,1200401,"{'id': 6, 'descricao': 'Auxílio Emergencial', 'descricaoDetalhada': 'Auxílio Emergencial'}",234189.0,108
504266,2021-02-01,5006002,"{'id': 6, 'descricao': 'Auxílio Emergencial', 'descricaoDetalhada': 'Auxílio Emergencial'}",17822.0,8
23504316,2021-02-01,2103125,"{'id': 6, 'descricao': 'Auxílio Emergencial', 'descricaoDetalhada': 'Auxílio Emergencial'}",3000.0,1
5804161,2021-02-01,1200609,"{'id': 6, 'descricao': 'Auxílio Emergencial', 'descricaoDetalhada': 'Auxílio Emergencial'}",1442.0,1
9704063,2021-02-01,1200450,"{'id': 6, 'descricao': 'Auxílio Emergencial', 'descricaoDetalhada': 'Auxílio Emergencial'}",13983.0,5
16804221,2021-02-01,2103752,"{'id': 6, 'descricao': 'Auxílio Emergencial', 'descricaoDetalhada': 'Auxílio Emergencial'}",8400.0,4
8704153,2021-02-01,1200344,"{'id': 6, 'descricao': 'Auxílio Emergencial', 'descricaoDetalhada': 'Auxílio Emergencial'}",4200.0,1
27604132,2021-02-01,1200054,"{'id': 6, 'descricao': 'Auxílio Emergencial', 'descricaoDetalhada': 'Auxílio Emergencial'}",3956.0,2
14204300,2021-02-01,2104552,"{'id': 6, 'descricao': 'Auxílio Emergencial', 'descricaoDetalhada': 'Auxílio Emergencial'}",7800.0,5
1604084,2021-02-01,2105153,"{'id': 6, 'descricao': 'Auxílio Emergencial', 'descricaoDetalhada': 'Auxílio Emergencial'}",3000.0,1
19904196,2021-02-01,2105658,"{'id': 6, 'descricao': 'Auxílio Emergencial', 'descricaoDetalhada': 'Auxílio Emergencial'}",3000.0,1
28404040,2021-02-01,1300102,"{'id': 6, 'descricao': 'Auxílio Emergencial', 'descricaoDetalhada': 'Auxílio Emergencial'}",1553.0,1
16104160,2021-02-01,2107456,"{'id': 6, 'descricao': 'Auxílio Emergencial', 'descricaoDetalhada': 'Auxílio Emergencial'}",6000.0,1
12204045,2021-02-01,1300201,"{'id': 6, 'descricao': 'Auxílio Emergencial', 'descricaoDetalhada': 'Auxílio Emergencial'}",7256.0,5
11504190,2021-02-01,2108256,"{'id': 6, 'descricao': 'Auxílio Emergencial', 'descricaoDetalhada': 'Auxílio Emergencial'}",2155.0,1
20704165,2021-02-01,1300409,"{'id': 6, 'descricao': 'Auxílio Emergencial', 'descricaoDetalhada': 'Auxílio Emergencial'}",2400.0,2
22604345,2021-02-01,1300607,"{'id': 6, 'descricao': 'Auxílio Emergencial', 'descricaoDetalhada': 'Auxílio Emergencial'}",1200.0,1
22204119,2021-02-01,2109270,"{'id': 6, 'descricao': 'Auxílio Emergencial', 'descricaoDetalhada': 'Auxílio Emergencial'}",5492.0,3
21304270,2021-02-01,1301209,"{'id': 6, 'descricao': 'Auxílio Emergencial', 'descricaoDetalhada': 'Auxílio Emergencial'}",3000.0,1
20004110,2021-02-01,1301407,"{'id': 6, 'descricao': 'Auxílio Emergencial', 'descricaoDetalhada': 'Auxílio Emergencial'}",3000.0,1
2404181,2021-02-01,1303601,"{'id': 6, 'descricao': 'Auxílio Emergencial', 'descricaoDetalhada': 'Auxílio Emergencial'}",600.0,1
4704162,2021-02-01,2111250,"{'id': 6, 'descricao': 'Auxílio Emergencial', 'descricaoDetalhada': 'Auxílio Emergencial'}",3000.0,1
2204054,2021-02-01,2111532,"{'id': 6, 'descricao': 'Auxílio Emergencial', 'descricaoDetalhada': 'Auxílio Emergencial'}",2400.0,2
1104176,2021-02-01,2111763,"{'id': 6, 'descricao': 'Auxílio Emergencial', 'descricaoDetalhada': 'Auxílio Emergencial'}",6000.0,2
11204260,2021-02-01,1302504,"{'id': 6, 'descricao': 'Auxílio Emergencial', 'descricaoDetalhada': 'Auxílio Emergencial'}",4029.0,4
26204235,2021-02-01,1302900,"{'id': 6, 'descricao': 'Auxílio Emergencial', 'descricaoDetalhada': 'Auxílio Emergencial'}",4200.0,2
7904060,2021-02-01,1303106,"{'id': 6, 'descricao': 'Auxílio Emergencial', 'descricaoDetalhada': 'Auxílio Emergencial'}",1200.0,1
12404153,2021-02-01,1303403,"{'id': 6, 'descricao': 'Auxílio Emergencial', 'descricaoDetalhada': 'Auxílio Emergencial'}",4200.0,1
23804115,2021-02-01,1304104,"{'id': 6, 'descricao': 'Auxílio Emergencial', 'descricaoDetalhada': 'Auxílio Emergencial'}",6000.0,1
25204294,2021-02-01,2201945,"{'id': 6, 'descricao': 'Auxílio Emergencial', 'descricaoDetalhada': 'Auxílio Emergencial'}",8270.0,3
28304251,2021-02-01,1304302,"{'id': 6, 'descricao': 'Auxílio Emergencial', 'descricaoDetalhada': 'Auxílio Emergencial'}",3000.0,1
10704195,2021-02-01,2202075,"{'id': 6, 'descricao': 'Auxílio Emergencial', 'descricaoDetalhada': 'Auxílio Emergencial'}",1200.0,1
28504215,2021-02-01,1300029,"{'id': 6, 'descricao': 'Auxílio Emergencial', 'descricaoDetalhada': 'Auxílio Emergencial'}",6000.0,1
8804139,2021-02-01,1300086,"{'id': 6, 'descricao': 'Auxílio Emergencial', 'descricaoDetalhada': 'Auxílio Emergencial'}",300.0,1
24504108,2021-02-01,1400100,"{'id': 6, 'descricao': 'Auxílio Emergencial', 'descricaoDetalhada': 'Auxílio Emergencial'}",204644.0,83
4404091,2021-02-01,1400407,"{'id': 6, 'descricao': 'Auxílio Emergencial', 'descricaoDetalhada': 'Auxílio Emergencial'}",1200.0,1
16304260,2021-02-01,1400605,"{'id': 6, 'descricao': 'Auxílio Emergencial', 'descricaoDetalhada': 'Auxílio Emergencial'}",3000.0,1
26104185,2021-02-01,1703867,"{'id': 6, 'descricao': 'Auxílio Emergencial', 'descricaoDetalhada': 'Auxílio Emergencial'}",3000.0,1
13504206,2021-02-01,2205458,"{'id': 6, 'descricao': 'Auxílio Emergencial', 'descricaoDetalhada': 'Auxílio Emergencial'}",8400.0,2
1404229,2021-02-01,1703305,"{'id': 6, 'descricao': 'Auxílio Emergencial', 'descricaoDetalhada': 'Auxílio Emergencial'}",4953.0,2
3604123,2021-02-01,1708254,"{'id': 6, 'descricao': 'Auxílio Emergencial', 'descricaoDetalhada': 'Auxílio Emergencial'}",1800.0,1
6004306,2021-02-01,2206670,"{'id': 6, 'descricao': 'Auxílio Emergencial', 'descricaoDetalhada': 'Auxílio Emergencial'}",4800.0,1
19204376,2021-02-01,1717206,"{'id': 6, 'descricao': 'Auxílio Emergencial', 'descricaoDetalhada': 'Auxílio Emergencial'}",2400.0,1
11104098,2021-02-01,1711902,"{'id': 6, 'descricao': 'Auxílio Emergencial', 'descricaoDetalhada': 'Auxílio Emergencial'}",1800.0,1
4804121,2021-02-01,2207959,"{'id': 6, 'descricao': 'Auxílio Emergencial', 'descricaoDetalhada': 'Auxílio Emergencial'}",4200.0,1
17104283,2021-02-01,1500131,"{'id': 6, 'descricao': 'Auxílio Emergencial', 'descricaoDetalhada': 'Auxílio Emergencial'}",3000.0,1
24904159,2021-02-01,2209450,"{'id': 6, 'descricao': 'Auxílio Emergencial', 'descricaoDetalhada': 'Auxílio Emergencial'}",259.0,1
3704055,2021-02-01,1507151,"{'id': 6, 'descricao': 'Auxílio Emergencial', 'descricaoDetalhada': 'Auxílio Emergencial'}",3000.0,1
504226,2021-02-01,1500347,"{'id': 6, 'descricao': 'Auxílio Emergencial', 'descricaoDetalhada': 'Auxílio Emergencial'}",6000.0,2
18804223,2021-02-01,1502764,"{'id': 6, 'descricao': 'Auxílio Emergencial', 'descricaoDetalhada': 'Auxílio Emergencial'}",6000.0,2
7004190,2021-02-01,1507953,"{'id': 6, 'descricao': 'Auxílio Emergencial', 'descricaoDetalhada': 'Auxílio Emergencial'}",3600.0,2
28004095,2021-02-01,1508084,"{'id': 6, 'descricao': 'Auxílio Emergencial', 'descricaoDetalhada': 'Auxílio Emergencial'}",15000.0,5
17304149,2021-02-01,1500107,"{'id': 6, 'descricao': 'Auxílio Emergencial', 'descricaoDetalhada': 'Auxílio Emergencial'}",34911.0,16
5704312,2021-02-01,1500206,"{'id': 6, 'descricao': 'Auxílio Emergencial', 'descricaoDetalhada': 'Auxílio Emergencial'}",600.0,1
15604284,2021-02-01,1500404,"{'id': 6, 'descricao': 'Auxílio Emergencial', 'descricaoDetalhada': 'Auxílio Emergencial'}",13581.0,4
15904346,2021-02-01,1500909,"{'id': 6, 'descricao': 'Auxílio Emergencial', 'descricaoDetalhada': 'Auxílio Emergencial'}",600.0,1
20504092,2021-02-01,1501303,"{'id': 6, 'descricao': 'Auxílio Emergencial', 'descricaoDetalhada': 'Auxílio Emergencial'}",15000.0,6
11204256,2021-02-01,2410256,"{'id': 6, 'descricao': 'Auxílio Emergencial', 'descricaoDetalhada': 'Auxílio Emergencial'}",4200.0,1
304160,2021-02-01,1501501,"{'id': 6, 'descricao': 'Auxílio Emergencial', 'descricaoDetalhada': 'Auxílio Emergencial'}",7264.0,5
2204148,2021-02-01,1501709,"{'id': 6, 'descricao': 'Auxílio Emergencial', 'descricaoDetalhada': 'Auxílio Emergencial'}",6000.0,5
14804318,2021-02-01,2414456,"{'id': 6, 'descricao': 'Auxílio Emergencial', 'descricaoDetalhada': 'Auxílio Emergencial'}",1200.0,1
10004167,2021-02-01,1502103,"{'id': 6, 'descricao': 'Auxílio Emergencial', 'descricaoDetalhada': 'Auxílio Emergencial'}",9089.0,7
26604206,2021-02-01,1502707,"{'id': 6, 'descricao': 'Auxílio Emergencial', 'descricaoDetalhada': 'Auxílio Emergencial'}",12000.0,6
20304146,2021-02-01,1503705,"{'id': 6, 'descricao': 'Auxílio Emergencial', 'descricaoDetalhada': 'Auxílio Emergencial'}",3333.0,2
28004173,2021-02-01,1504208,"{'id': 6, 'descricao': 'Auxílio Emergencial', 'descricaoDetalhada': 'Auxílio Emergencial'}",66600.0,31
19304141,2021-02-01,2509057,"{'id': 6, 'descricao': 'Auxílio Emergencial', 'descricaoDetalhada': 'Auxílio Emergencial'}",5400.0,3
8704130,2021-02-01,1504406,"{'id': 6, 'descricao': 'Auxílio Emergencial', 'descricaoDetalhada': 'Auxílio Emergencial'}",7200.0,4
21004267,2021-02-01,1504802,"{'id': 6, 'descricao': 'Auxílio Emergencial', 'descricaoDetalhada': 'Auxílio Emergencial'}",14400.0,5
17904120,2021-02-01,1505007,"{'id': 6, 'descricao': 'Auxílio Emergencial', 'descricaoDetalhada': 'Auxílio Emergencial'}",3000.0,1
25904291,2021-02-01,2512754,"{'id': 6, 'descricao': 'Auxílio Emergencial', 'descricaoDetalhada': 'Auxílio Emergencial'}",1503.0,1
1304285,2021-02-01,1506005,"{'id': 6, 'descricao': 'Auxílio Emergencial', 'descricaoDetalhada': 'Auxílio Emergencial'}",1200.0,1
25204303,2021-02-01,1506203,"{'id': 6, 'descricao': 'Auxílio Emergencial', 'descricaoDetalhada': 'Auxílio Emergencial'}",1800.0,2
11704242,2021-02-01,1506609,"{'id': 6, 'descricao': 'Auxílio Emergencial', 'descricaoDetalhada': 'Auxílio Emergencial'}",3600.0,2
5904244,2021-02-01,2516755,"{'id': 6, 'descricao': 'Auxílio Emergencial', 'descricaoDetalhada': 'Auxílio Emergencial'}",4200.0,1
26204178,2021-02-01,1507300,"{'id': 6, 'descricao': 'Auxílio Emergencial', 'descricaoDetalhada': 'Auxílio Emergencial'}",9000.0,3
19604122,2021-02-01,2604155,"{'id': 6, 'descricao': 'Auxílio Emergencial', 'descricaoDetalhada': 'Auxílio Emergencial'}",6600.0,3
19404285,2021-02-01,2608057,"{'id': 6, 'descricao': 'Auxílio Emergencial', 'descricaoDetalhada': 'Auxílio Emergencial'}",209.0,1
14204193,2021-02-01,1507706,"{'id': 6, 'descricao': 'Auxílio Emergencial', 'descricaoDetalhada': 'Auxílio Emergencial'}",11560.0,5
304287,2021-02-01,1507904,"{'id': 6, 'descricao': 'Auxílio Emergencial', 'descricaoDetalhada': 'Auxílio Emergencial'}",21687.0,8
6904265,2021-02-01,2614857,"{'id': 6, 'descricao': 'Auxílio Emergencial', 'descricaoDetalhada': 'Auxílio Emergencial'}",9000.0,2
11504210,2021-02-01,1508308,"{'id': 6, 'descricao': 'Auxílio Emergencial', 'descricaoDetalhada': 'Auxílio Emergencial'}",600.0,1
3404069,2021-02-01,1506161,"{'id': 6, 'descricao': 'Auxílio Emergencial', 'descricaoDetalhada': 'Auxílio Emergencial'}",3000.0,1
17704113,2021-02-01,1501576,"{'id': 6, 'descricao': 'Auxílio Emergencial', 'descricaoDetalhada': 'Auxílio Emergencial'}",3000.0,1
25904301,2021-02-01,1502756,"{'id': 6, 'descricao': 'Auxílio Emergencial', 'descricaoDetalhada': 'Auxílio Emergencial'}",6000.0,2
7304024,2021-02-01,1504455,"{'id': 6, 'descricao': 'Auxílio Emergencial', 'descricaoDetalhada': 'Auxílio Emergencial'}",3600.0,2
8704179,2021-02-01,1505437,"{'id': 6, 'descricao': 'Auxílio Emergencial', 'descricaoDetalhada': 'Auxílio Emergencial'}",6000.0,2
14904117,2021-02-01,1505536,"{'id': 6, 'descricao': 'Auxílio Emergencial', 'descricaoDetalhada': 'Auxílio Emergencial'}",56100.0,22
3004156,2021-02-01,1506195,"{'id': 6, 'descricao': 'Auxílio Emergencial', 'descricaoDetalhada': 'Auxílio Emergencial'}",7313.0,4
15304264,2021-02-01,3120839,"{'id': 6, 'descricao': 'Auxílio Emergencial', 'descricaoDetalhada': 'Auxílio Emergencial'}",7200.0,4
22804255,2021-02-01,1600105,"{'id': 6, 'descricao': 'Auxílio Emergencial', 'descricaoDetalhada': 'Auxílio Emergencial'}",16534.0,7
27604167,2021-02-01,1600204,"{'id': 6, 'descricao': 'Auxílio Emergencial', 'descricaoDetalhada': 'Auxílio Emergencial'}",2359.0,2
27604262,2021-02-01,3122470,"{'id': 6, 'descricao': 'Auxílio Emergencial', 'descricaoDetalhada': 'Auxílio Emergencial'}",600.0,1
19504242,2021-02-01,1600279,"{'id': 6, 'descricao': 'Auxílio Emergencial', 'descricaoDetalhada': 'Auxílio Emergencial'}",4319.0,3
6504241,2021-02-01,1600600,"{'id': 6, 'descricao': 'Auxílio Emergencial', 'descricaoDetalhada': 'Auxílio Emergencial'}",21896.0,10
2804143,2021-02-01,1507458,"{'id': 6, 'descricao': 'Auxílio Emergencial', 'descricaoDetalhada': 'Auxílio Emergencial'}",3600.0,2
4804228,2021-02-01,3130556,"{'id': 6, 'descricao': 'Auxílio Emergencial', 'descricaoDetalhada': 'Auxílio Emergencial'}",6000.0,1
10004145,2021-02-01,1503093,"{'id': 6, 'descricao': 'Auxílio Emergencial', 'descricaoDetalhada': 'Auxílio Emergencial'}",600.0,1
14804224,2021-02-01,1505064,"{'id': 6, 'descricao': 'Auxílio Emergencial', 'descricaoDetalhada': 'Auxílio Emergencial'}",7663.0,5
11704072,2021-02-01,3135357,"{'id': 6, 'descricao': 'Auxílio Emergencial', 'descricaoDetalhada': 'Auxílio Emergencial'}",2529.0,2
14904017,2021-02-01,1508357,"{'id': 6, 'descricao': 'Auxílio Emergencial', 'descricaoDetalhada': 'Auxílio Emergencial'}",1759.0,1
5904254,2021-02-01,1200013,"{'id': 6, 'descricao': 'Auxílio Emergencial', 'descricaoDetalhada': 'Auxílio Emergencial'}",8400.0,5
20804033,2021-02-01,1200138,"{'id': 6, 'descricao': 'Auxílio Emergencial', 'descricaoDetalhada': 'Auxílio Emergencial'}",4200.0,1
9703992,2021-02-01,3138682,"{'id': 6, 'descricao': 'Auxílio Emergencial', 'descricaoDetalhada': 'Auxílio Emergencial'}",4200.0,1
20604181,2021-02-01,1200252,"{'id': 6, 'descricao': 'Auxílio Emergencial', 'descricaoDetalhada': 'Auxílio Emergencial'}",9000.0,3
12204165,2021-02-01,3144672,"{'id': 6, 'descricao': 'Auxílio Emergencial', 'descricaoDetalhada': 'Auxílio Emergencial'}",3000.0,1
2004233,2021-02-01,3145356,"{'id': 6, 'descricao': 'Auxílio Emergencial', 'descricaoDetalhada': 'Auxílio Emergencial'}",3000.0,1
18604240,2021-02-01,1100809,"{'id': 6, 'descricao': 'Auxílio Emergencial', 'descricaoDetalhada': 'Auxílio Emergencial'}",2400.0,2
18704165,2021-02-01,3150158,"{'id': 6, 'descricao': 'Auxílio Emergencial', 'descricaoDetalhada': 'Auxílio Emergencial'}",3000.0,1
27604202,2021-02-01,1100502,"{'id': 6, 'descricao': 'Auxílio Emergencial', 'descricaoDetalhada': 'Auxílio Emergencial'}",6000.0,2
1604076,2021-02-01,1101203,"{'id': 6, 'descricao': 'Auxílio Emergencial', 'descricaoDetalhada': 'Auxílio Emergencial'}",1159.0,1
5604224,2021-02-01,1101302,"{'id': 6, 'descricao': 'Auxílio Emergencial', 'descricaoDetalhada': 'Auxílio Emergencial'}",5359.0,2
15504169,2021-02-01,1101500,"{'id': 6, 'descricao': 'Auxílio Emergencial', 'descricaoDetalhada': 'Auxílio Emergencial'}",5400.0,2
20504182,2021-02-01,3157336,"{'id': 6, 'descricao': 'Auxílio Emergencial', 'descricaoDetalhada': 'Auxílio Emergencial'}",4200.0,2
28604278,2021-02-01,3157377,"{'id': 6, 'descricao': 'Auxílio Emergencial', 'descricaoDetalhada': 'Auxílio Emergencial'}",1800.0,1
15004240,2021-02-01,3160454,"{'id': 6, 'descricao': 'Auxílio Emergencial', 'descricaoDetalhada': 'Auxílio Emergencial'}",1532.0,1
11004094,2021-02-01,2100501,"{'id': 6, 'descricao': 'Auxílio Emergencial', 'descricaoDetalhada': 'Auxílio Emergencial'}",300.0,1
21804260,2021-02-01,2100709,"{'id': 6, 'descricao': 'Auxílio Emergencial', 'descricaoDetalhada': 'Auxílio Emergencial'}",32309.0,8
20904164,2021-02-01,3162252,"{'id': 6, 'descricao': 'Auxílio Emergencial', 'descricaoDetalhada': 'Auxílio Emergencial'}",6000.0,2
12604373,2021-02-01,3162922,"{'id': 6, 'descricao': 'Auxílio Emergencial', 'descricaoDetalhada': 'Auxílio Emergencial'}",15600.0,8
10704217,2021-02-01,2101202,"{'id': 6, 'descricao': 'Auxílio Emergencial', 'descricaoDetalhada': 'Auxílio Emergencial'}",17051.0,7
19504113,2021-02-01,2101400,"{'id': 6, 'descricao': 'Auxílio Emergencial', 'descricaoDetalhada': 'Auxílio Emergencial'}",8400.0,3
7304117,2021-02-01,3165537,"{'id': 6, 'descricao': 'Auxílio Emergencial', 'descricaoDetalhada': 'Auxílio Emergencial'}",12900.0,7
15604308,2021-02-01,2101608,"{'id': 6, 'descricao': 'Auxílio Emergencial', 'descricaoDetalhada': 'Auxílio Emergencial'}",16070.0,7
9104264,2021-02-01,3170750,"{'id': 6, 'descricao': 'Auxílio Emergencial', 'descricaoDetalhada': 'Auxílio Emergencial'}",3000.0,1
2104279,2021-02-01,3171071,"{'id': 6, 'descricao': 'Auxílio Emergencial', 'descricaoDetalhada': 'Auxílio Emergencial'}",1800.0,1
5004259,2021-02-01,3201159,"{'id': 6, 'descricao': 'Auxílio Emergencial', 'descricaoDetalhada': 'Auxílio Emergencial'}",3000.0,1
25804218,2021-02-01,3203320,"{'id': 6, 'descricao': 'Auxílio Emergencial', 'descricaoDetalhada': 'Auxílio Emergencial'}",10800.0,4
5204202,2021-02-01,2103307,"{'id': 6, 'descricao': 'Auxílio Emergencial', 'descricaoDetalhada': 'Auxílio Emergencial'}",20400.0,9
21704132,2021-02-01,2103703,"{'id': 6, 'descricao': 'Auxílio Emergencial', 'descricaoDetalhada': 'Auxílio Emergencial'}",3000.0,1
11504169,2021-02-01,3301876,"{'id': 6, 'descricao': 'Auxílio Emergencial', 'descricaoDetalhada': 'Auxílio Emergencial'}",16800.0,6
25204216,2021-02-01,3303955,"{'id': 6, 'descricao': 'Auxílio Emergencial', 'descricaoDetalhada': 'Auxílio Emergencial'}",14006.0,9
19204349,2021-02-01,3304755,"{'id': 6, 'descricao': 'Auxílio Emergencial', 'descricaoDetalhada': 'Auxílio Emergencial'}",3000.0,1
13704284,2021-02-01,2104305,"{'id': 6, 'descricao': 'Auxílio Emergencial', 'descricaoDetalhada': 'Auxílio Emergencial'}",2400.0,2
1104185,2021-02-01,3305554,"{'id': 6, 'descricao': 'Auxílio Emergencial', 'descricaoDetalhada': 'Auxílio Emergencial'}",8431.0,6
15704118,2021-02-01,2104503,"{'id': 6, 'descricao': 'Auxílio Emergencial', 'descricaoDetalhada': 'Auxílio Emergencial'}",3000.0,1
24904302,2021-02-01,2104800,"{'id': 6, 'descricao': 'Auxílio Emergencial', 'descricaoDetalhada': 'Auxílio Emergencial'}",15600.0,7
18204179,2021-02-01,3509957,"{'id': 6, 'descricao': 'Auxílio Emergencial', 'descricaoDetalhada': 'Auxílio Emergencial'}",3600.0,3
23004274,2021-02-01,2105203,"{'id': 6, 'descricao': 'Auxílio Emergencial', 'descricaoDetalhada': 'Auxílio Emergencial'}",3000.0,1
22104105,2021-02-01,2105302,"{'id': 6, 'descricao': 'Auxílio Emergencial', 'descricaoDetalhada': 'Auxílio Emergencial'}",120865.0,55
22204060,2021-02-01,2111409,"{'id': 6, 'descricao': 'Auxílio Emergencial', 'descricaoDetalhada': 'Auxílio Emergencial'}",4670.0,2
20404277,2021-02-01,2105401,"{'id': 6, 'descricao': 'Auxílio Emergencial', 'descricaoDetalhada': 'Auxílio Emergencial'}",12000.0,4
22304154,2021-02-01,2105500,"{'id': 6, 'descricao': 'Auxílio Emergencial', 'descricaoDetalhada': 'Auxílio Emergencial'}",4200.0,2
1104151,2021-02-01,2105807,"{'id': 6, 'descricao': 'Auxílio Emergencial', 'descricaoDetalhada': 'Auxílio Emergencial'}",7200.0,2
21304294,2021-02-01,2106607,"{'id': 6, 'descricao': 'Auxílio Emergencial', 'descricaoDetalhada': 'Auxílio Emergencial'}",3600.0,2
7604147,2021-02-01,4101853,"{'id': 6, 'descricao': 'Auxílio Emergencial', 'descricaoDetalhada': 'Auxílio Emergencial'}",3600.0,2
7804188,2021-02-01,2106805,"{'id': 6, 'descricao': 'Auxílio Emergencial', 'descricaoDetalhada': 'Auxílio Emergencial'}",3000.0,1
6304319,2021-02-01,2107209,"{'id': 6, 'descricao': 'Auxílio Emergencial', 'descricaoDetalhada': 'Auxílio Emergencial'}",2079.0,2
28604297,2021-02-01,4104659,"{'id': 6, 'descricao': 'Auxílio Emergencial', 'descricaoDetalhada': 'Auxílio Emergencial'}",7800.0,5
11504127,2021-02-01,2107407,"{'id': 6, 'descricao': 'Auxílio Emergencial', 'descricaoDetalhada': 'Auxílio Emergencial'}",3694.0,3
8504183,2021-02-01,2107605,"{'id': 6, 'descricao': 'Auxílio Emergencial', 'descricaoDetalhada': 'Auxílio Emergencial'}",600.0,1
17104373,2021-02-01,4108452,"{'id': 6, 'descricao': 'Auxílio Emergencial', 'descricaoDetalhada': 'Auxílio Emergencial'}",2400.0,1
1004100,2021-02-01,2108009,"{'id': 6, 'descricao': 'Auxílio Emergencial', 'descricaoDetalhada': 'Auxílio Emergencial'}",4969.0,2
27004229,2021-02-01,2108306,"{'id': 6, 'descricao': 'Auxílio Emergencial', 'descricaoDetalhada': 'Auxílio Emergencial'}",2270.0,1
13104126,2021-02-01,2108504,"{'id': 6, 'descricao': 'Auxílio Emergencial', 'descricaoDetalhada': 'Auxílio Emergencial'}",30799.0,11
6304243,2021-02-01,4118857,"{'id': 6, 'descricao': 'Auxílio Emergencial', 'descricaoDetalhada': 'Auxílio Emergencial'}",9000.0,3
8904353,2021-02-01,2108702,"{'id': 6, 'descricao': 'Auxílio Emergencial', 'descricaoDetalhada': 'Auxílio Emergencial'}",7344.0,4
13504144,2021-02-01,4120655,"{'id': 6, 'descricao': 'Auxílio Emergencial', 'descricaoDetalhada': 'Auxílio Emergencial'}",1200.0,1
8804151,2021-02-01,2109106,"{'id': 6, 'descricao': 'Auxílio Emergencial', 'descricaoDetalhada': 'Auxílio Emergencial'}",8651.0,5
12904231,2021-02-01,4201950,"{'id': 6, 'descricao': 'Auxílio Emergencial', 'descricaoDetalhada': 'Auxílio Emergencial'}",19200.0,6
27504196,2021-02-01,2111201,"{'id': 6, 'descricao': 'Auxílio Emergencial', 'descricaoDetalhada': 'Auxílio Emergencial'}",61601.0,26
104090,2021-02-01,2109601,"{'id': 6, 'descricao': 'Auxílio Emergencial', 'descricaoDetalhada': 'Auxílio Emergencial'}",16319.0,8
1504243,2021-02-01,2109809,"{'id': 6, 'descricao': 'Auxílio Emergencial', 'descricaoDetalhada': 'Auxílio Emergencial'}",24563.0,9
6204188,2021-02-01,2110005,"{'id': 6, 'descricao': 'Auxílio Emergencial', 'descricaoDetalhada': 'Auxílio Emergencial'}",12300.0,5
16504397,2021-02-01,2110203,"{'id': 6, 'descricao': 'Auxílio Emergencial', 'descricaoDetalhada': 'Auxílio Emergencial'}",7800.0,2
3204187,2021-02-01,2110401,"{'id': 6, 'descricao': 'Auxílio Emergencial', 'descricaoDetalhada': 'Auxílio Emergencial'}",8820.0,4
20804130,2021-02-01,2111003,"{'id': 6, 'descricao': 'Auxílio Emergencial', 'descricaoDetalhada': 'Auxílio Emergencial'}",26655.0,9
24704077,2021-02-01,4206751,"{'id': 6, 'descricao': 'Auxílio Emergencial', 'descricaoDetalhada': 'Auxílio Emergencial'}",3000.0,1
3104170,2021-02-01,2111300,"{'id': 6, 'descricao': 'Auxílio Emergencial', 'descricaoDetalhada': 'Auxílio Emergencial'}",487819.0,195
8404225,2021-02-01,2112209,"{'id': 6, 'descricao': 'Auxílio Emergencial', 'descricaoDetalhada': 'Auxílio Emergencial'}",12388.0,9
21204129,2021-02-01,2112605,"{'id': 6, 'descricao': 'Auxílio Emergencial', 'descricaoDetalhada': 'Auxílio Emergencial'}",5870.0,2
18804232,2021-02-01,4218350,"{'id': 6, 'descricao': 'Auxílio Emergencial', 'descricaoDetalhada': 'Auxílio Emergencial'}",17747.0,7
14304120,2021-02-01,2112803,"{'id': 6, 'descricao': 'Auxílio Emergencial', 'descricaoDetalhada': 'Auxílio Emergencial'}",19450.0,8
15004205,2021-02-01,2113009,"{'id': 6, 'descricao': 'Auxílio Emergencial', 'descricaoDetalhada': 'Auxílio Emergencial'}",12000.0,4
17004234,2021-02-01,2102002,"{'id': 6, 'descricao': 'Auxílio Emergencial', 'descricaoDetalhada': 'Auxílio Emergencial'}",10200.0,4
17804122,2021-02-01,2108108,"{'id': 6, 'descricao': 'Auxílio Emergencial', 'descricaoDetalhada': 'Auxílio Emergencial'}",6000.0,2
23204098,2021-02-01,2100055,"{'id': 6, 'descricao': 'Auxílio Emergencial', 'descricaoDetalhada': 'Auxílio Emergencial'}",25200.0,10
1804062,2021-02-01,4304713,"{'id': 6, 'descricao': 'Auxílio Emergencial', 'descricaoDetalhada': 'Auxílio Emergencial'}",1200.0,1
9904033,2021-02-01,4305124,"{'id': 6, 'descricao': 'Auxílio Emergencial', 'descricaoDetalhada': 'Auxílio Emergencial'}",1579.0,2
2604099,2021-02-01,1300144,"{'id': 6, 'descricao': 'Auxílio Emergencial', 'descricaoDetalhada': 'Auxílio Emergencial'}",9000.0,2
6204245,2021-02-01,4305447,"{'id': 6, 'descricao': 'Auxílio Emergencial', 'descricaoDetalhada': 'Auxílio Emergencial'}",9461.0,7
18704223,2021-02-01,2709152,"{'id': 6, 'descricao': 'Auxílio Emergencial', 'descricaoDetalhada': 'Auxílio Emergencial'}",14387.0,8
25404222,2021-02-01,1101708,"{'id': 6, 'descricao': 'Auxílio Emergencial', 'descricaoDetalhada': 'Auxílio Emergencial'}",18000.0,5
3104177,2021-02-01,2307254,"{'id': 6, 'descricao': 'Auxílio Emergencial', 'descricaoDetalhada': 'Auxílio Emergencial'}",19200.0,6
1104063,2021-02-01,2200202,"{'id': 6, 'descricao': 'Auxílio Emergencial', 'descricaoDetalhada': 'Auxílio Emergencial'}",2240.0,1
4004182,2021-02-01,2200400,"{'id': 6, 'descricao': 'Auxílio Emergencial', 'descricaoDetalhada': 'Auxílio Emergencial'}",19200.0,6
7503986,2021-02-01,4314068,"{'id': 6, 'descricao': 'Auxílio Emergencial', 'descricaoDetalhada': 'Auxílio Emergencial'}",2400.0,2
7804018,2021-02-01,2200608,"{'id': 6, 'descricao': 'Auxílio Emergencial', 'descricaoDetalhada': 'Auxílio Emergencial'}",3000.0,1
23404027,2021-02-01,4322343,"{'id': 6, 'descricao': 'Auxílio Emergencial', 'descricaoDetalhada': 'Auxílio Emergencial'}",3000.0,1
22104024,2021-02-01,2201507,"{'id': 6, 'descricao': 'Auxílio Emergencial', 'descricaoDetalhada': 'Auxílio Emergencial'}",14400.0,4
16604114,2021-02-01,2201903,"{'id': 6, 'descricao': 'Auxílio Emergencial', 'descricaoDetalhada': 'Auxílio Emergencial'}",3600.0,1
2704160,2021-02-01,2202307,"{'id': 6, 'descricao': 'Auxílio Emergencial', 'descricaoDetalhada': 'Auxílio Emergencial'}",5400.0,2
25404129,2021-02-01,5107875,"{'id': 6, 'descricao': 'Auxílio Emergencial', 'descricaoDetalhada': 'Auxílio Emergencial'}",3000.0,1
25704213,2021-02-01,5200050,"{'id': 6, 'descricao': 'Auxílio Emergencial', 'descricaoDetalhada': 'Auxílio Emergencial'}",3600.0,2
21704195,2021-02-01,5215231,"{'id': 6, 'descricao': 'Auxílio Emergencial', 'descricaoDetalhada': 'Auxílio Emergencial'}",35870.0,27
8104234,2021-02-01,5221858,"{'id': 6, 'descricao': 'Auxílio Emergencial', 'descricaoDetalhada': 'Auxílio Emergencial'}",95100.0,42
17204129,2021-02-01,2203404,"{'id': 6, 'descricao': 'Auxílio Emergencial', 'descricaoDetalhada': 'Auxílio Emergencial'}",1200.0,1
25204207,2021-02-01,5204854,"{'id': 6, 'descricao': 'Auxílio Emergencial', 'descricaoDetalhada': 'Auxílio Emergencial'}",3000.0,1
2404022,2021-02-01,2203800,"{'id': 6, 'descricao': 'Auxílio Emergencial', 'descricaoDetalhada': 'Auxílio Emergencial'}",600.0,1
22104146,2021-02-01,2204402,"{'id': 6, 'descricao': 'Auxílio Emergencial', 'descricaoDetalhada': 'Auxílio Emergencial'}",600.0,1
6904152,2021-02-01,2204808,"{'id': 6, 'descricao': 'Auxílio Emergencial', 'descricaoDetalhada': 'Auxílio Emergencial'}",1070.0,1
8704125,2021-02-01,5108352,"{'id': 6, 'descricao': 'Auxílio Emergencial', 'descricaoDetalhada': 'Auxílio Emergencial'}",6000.0,1
26904058,2021-02-01,2205409,"{'id': 6, 'descricao': 'Auxílio Emergencial', 'descricaoDetalhada': 'Auxílio Emergencial'}",3000.0,1
21504162,2021-02-01,2903276,"{'id': 6, 'descricao': 'Auxílio Emergencial', 'descricaoDetalhada': 'Auxílio Emergencial'}",6000.0,2
27204095,2021-02-01,2919553,"{'id': 6, 'descricao': 'Auxílio Emergencial', 'descricaoDetalhada': 'Auxílio Emergencial'}",13531.0,6
2604225,2021-02-01,3202256,"{'id': 6, 'descricao': 'Auxílio Emergencial', 'descricaoDetalhada': 'Auxílio Emergencial'}",600.0,1
10604218,2021-02-01,2205805,"{'id': 6, 'descricao': 'Auxílio Emergencial', 'descricaoDetalhada': 'Auxílio Emergencial'}",9600.0,3
4304126,2021-02-01,2206209,"{'id': 6, 'descricao': 'Auxílio Emergencial', 'descricaoDetalhada': 'Auxílio Emergencial'}",11700.0,5
10504177,2021-02-01,4304614,"{'id': 6, 'descricao': 'Auxílio Emergencial', 'descricaoDetalhada': 'Auxílio Emergencial'}",7200.0,2
21604146,2021-02-01,2207801,"{'id': 6, 'descricao': 'Auxílio Emergencial', 'descricaoDetalhada': 'Auxílio Emergencial'}",342.0,1
1804153,2021-02-01,2208007,"{'id': 6, 'descricao': 'Auxílio Emergencial', 'descricaoDetalhada': 'Auxílio Emergencial'}",13200.0,5
26404056,2021-02-01,2208205,"{'id': 6, 'descricao': 'Auxílio Emergencial', 'descricaoDetalhada': 'Auxílio Emergencial'}",3000.0,1
803946,2021-02-01,2208403,"{'id': 6, 'descricao': 'Auxílio Emergencial', 'descricaoDetalhada': 'Auxílio Emergencial'}",177.0,1
28604222,2021-02-01,2208809,"{'id': 6, 'descricao': 'Auxílio Emergencial', 'descricaoDetalhada': 'Auxílio Emergencial'}",10041.0,6
20104219,2021-02-01,5003900,"{'id': 6, 'descricao': 'Auxílio Emergencial', 'descricaoDetalhada': 'Auxílio Emergencial'}",7670.0,2
24404196,2021-02-01,2211001,"{'id': 6, 'descricao': 'Auxílio Emergencial', 'descricaoDetalhada': 'Auxílio Emergencial'}",495392.0,213
16204141,2021-02-01,2211209,"{'id': 6, 'descricao': 'Auxílio Emergencial', 'descricaoDetalhada': 'Auxílio Emergencial'}",1353.0,1
15704270,2021-02-01,2211308,"{'id': 6, 'descricao': 'Auxílio Emergencial', 'descricaoDetalhada': 'Auxílio Emergencial'}",4759.0,3
25304184,2021-02-01,2211407,"{'id': 6, 'descricao': 'Auxílio Emergencial', 'descricaoDetalhada': 'Auxílio Emergencial'}",7200.0,1
26004233,2021-02-01,2300150,"{'id': 6, 'descricao': 'Auxílio Emergencial', 'descricaoDetalhada': 'Auxílio Emergencial'}",9000.0,4
22704217,2021-02-01,2304285,"{'id': 6, 'descricao': 'Auxílio Emergencial', 'descricaoDetalhada': 'Auxílio Emergencial'}",24857.0,12
7004139,2021-02-01,2305233,"{'id': 6, 'descricao': 'Auxílio Emergencial', 'descricaoDetalhada': 'Auxílio Emergencial'}",9259.0,5
504317,2021-02-01,2305332,"{'id': 6, 'descricao': 'Auxílio Emergencial', 'descricaoDetalhada': 'Auxílio Emergencial'}",470.0,1
18004066,2021-02-01,2309458,"{'id': 6, 'descricao': 'Auxílio Emergencial', 'descricaoDetalhada': 'Auxílio Emergencial'}",1411.0,2
11904192,2021-02-01,2313351,"{'id': 6, 'descricao': 'Auxílio Emergencial', 'descricaoDetalhada': 'Auxílio Emergencial'}",3000.0,1
18504188,2021-02-01,2110039,"{'id': 6, 'descricao': 'Auxílio Emergencial', 'descricaoDetalhada': 'Auxílio Emergencial'}",6062.0,3
3204184,2021-02-01,2300200,"{'id': 6, 'descricao': 'Auxílio Emergencial', 'descricaoDetalhada': 'Auxílio Emergencial'}",6600.0,3
12204200,2021-02-01,2300309,"{'id': 6, 'descricao': 'Auxílio Emergencial', 'descricaoDetalhada': 'Auxílio Emergencial'}",3000.0,1
2804121,2021-02-01,2301000,"{'id': 6, 'descricao': 'Auxílio Emergencial', 'descricaoDetalhada': 'Auxílio Emergencial'}",38289.0,18
6504210,2021-02-01,2301208,"{'id': 6, 'descricao': 'Auxílio Emergencial', 'descricaoDetalhada': 'Auxílio Emergencial'}",1800.0,1
7904213,2021-02-01,2301406,"{'id': 6, 'descricao': 'Auxílio Emergencial', 'descricaoDetalhada': 'Auxílio Emergencial'}",1607.0,1
10504195,2021-02-01,2301901,"{'id': 6, 'descricao': 'Auxílio Emergencial', 'descricaoDetalhada': 'Auxílio Emergencial'}",9000.0,4
20904137,2021-02-01,2302305,"{'id': 6, 'descricao': 'Auxílio Emergencial', 'descricaoDetalhada': 'Auxílio Emergencial'}",4070.0,2
10604288,2021-02-01,2302503,"{'id': 6, 'descricao': 'Auxílio Emergencial', 'descricaoDetalhada': 'Auxílio Emergencial'}",600.0,1
16104331,2021-02-01,2302701,"{'id': 6, 'descricao': 'Auxílio Emergencial', 'descricaoDetalhada': 'Auxílio Emergencial'}",3600.0,2
17104224,2021-02-01,2302909,"{'id': 6, 'descricao': 'Auxílio Emergencial', 'descricaoDetalhada': 'Auxílio Emergencial'}",4029.0,2
18204092,2021-02-01,2303105,"{'id': 6, 'descricao': 'Auxílio Emergencial', 'descricaoDetalhada': 'Auxílio Emergencial'}",15000.0,5
22704220,2021-02-01,2303501,"{'id': 6, 'descricao': 'Auxílio Emergencial', 'descricaoDetalhada': 'Auxílio Emergencial'}",8611.0,5
10804192,2021-02-01,2303709,"{'id': 6, 'descricao': 'Auxílio Emergencial', 'descricaoDetalhada': 'Auxílio Emergencial'}",143914.0,60
23403988,2021-02-01,2304202,"{'id': 6, 'descricao': 'Auxílio Emergencial', 'descricaoDetalhada': 'Auxílio Emergencial'}",46958.0,24
24804157,2021-02-01,2304400,"{'id': 6, 'descricao': 'Auxílio Emergencial', 'descricaoDetalhada': 'Auxílio Emergencial'}",1352309.0,562
3404088,2021-02-01,2304707,"{'id': 6, 'descricao': 'Auxílio Emergencial', 'descricaoDetalhada': 'Auxílio Emergencial'}",3000.0,1
28604242,2021-02-01,2305506,"{'id': 6, 'descricao': 'Auxílio Emergencial', 'descricaoDetalhada': 'Auxílio Emergencial'}",13070.0,6
5604172,2021-02-01,2305902,"{'id': 6, 'descricao': 'Auxílio Emergencial', 'descricaoDetalhada': 'Auxílio Emergencial'}",5400.0,2
24204145,2021-02-01,2306108,"{'id': 6, 'descricao': 'Auxílio Emergencial', 'descricaoDetalhada': 'Auxílio Emergencial'}",2229.0,1
21704224,2021-02-01,2306306,"{'id': 6, 'descricao': 'Auxílio Emergencial', 'descricaoDetalhada': 'Auxílio Emergencial'}",15470.0,5
28404030,2021-02-01,2306702,"{'id': 6, 'descricao': 'Auxílio Emergencial', 'descricaoDetalhada': 'Auxílio Emergencial'}",4800.0,3
24904175,2021-02-01,2306900,"{'id': 6, 'descricao': 'Auxílio Emergencial', 'descricaoDetalhada': 'Auxílio Emergencial'}",9600.0,4
25404123,2021-02-01,2307106,"{'id': 6, 'descricao': 'Auxílio Emergencial', 'descricaoDetalhada': 'Auxílio Emergencial'}",2400.0,1
18604154,2021-02-01,2307304,"{'id': 6, 'descricao': 'Auxílio Emergencial', 'descricaoDetalhada': 'Auxílio Emergencial'}",84988.0,30
22404143,2021-02-01,2307700,"{'id': 6, 'descricao': 'Auxílio Emergencial', 'descricaoDetalhada': 'Auxílio Emergencial'}",20889.0,9
13704143,2021-02-01,2308104,"{'id': 6, 'descricao': 'Auxílio Emergencial', 'descricaoDetalhada': 'Auxílio Emergencial'}",8270.0,5
8004209,2021-02-01,2308708,"{'id': 6, 'descricao': 'Auxílio Emergencial', 'descricaoDetalhada': 'Auxílio Emergencial'}",8870.0,3
5604275,2021-02-01,2308906,"{'id': 6, 'descricao': 'Auxílio Emergencial', 'descricaoDetalhada': 'Auxílio Emergencial'}",1800.0,2
19804238,2021-02-01,2309300,"{'id': 6, 'descricao': 'Auxílio Emergencial', 'descricaoDetalhada': 'Auxílio Emergencial'}",12000.0,3
25604127,2021-02-01,2309706,"{'id': 6, 'descricao': 'Auxílio Emergencial', 'descricaoDetalhada': 'Auxílio Emergencial'}",2959.0,2
9904011,2021-02-01,2309904,"{'id': 6, 'descricao': 'Auxílio Emergencial', 'descricaoDetalhada': 'Auxílio Emergencial'}",2360.0,2
21904196,2021-02-01,2310308,"{'id': 6, 'descricao': 'Auxílio Emergencial', 'descricaoDetalhada': 'Auxílio Emergencial'}",9000.0,3
8704149,2021-02-01,2310506,"{'id': 6, 'descricao': 'Auxílio Emergencial', 'descricaoDetalhada': 'Auxílio Emergencial'}",7200.0,3
25504081,2021-02-01,2310704,"{'id': 6, 'descricao': 'Auxílio Emergencial', 'descricaoDetalhada': 'Auxílio Emergencial'}",1800.0,2
2004198,2021-02-01,2311504,"{'id': 6, 'descricao': 'Auxílio Emergencial', 'descricaoDetalhada': 'Auxílio Emergencial'}",3000.0,2
21504089,2021-02-01,2311702,"{'id': 6, 'descricao': 'Auxílio Emergencial', 'descricaoDetalhada': 'Auxílio Emergencial'}",3000.0,1
26504044,2021-02-01,2311900,"{'id': 6, 'descricao': 'Auxílio Emergencial', 'descricaoDetalhada': 'Auxílio Emergencial'}",2400.0,1
20004183,2021-02-01,2312403,"{'id': 6, 'descricao': 'Auxílio Emergencial', 'descricaoDetalhada': 'Auxílio Emergencial'}",3609.0,3
4504192,2021-02-01,2312601,"{'id': 6, 'descricao': 'Auxílio Emergencial', 'descricaoDetalhada': 'Auxílio Emergencial'}",1581.0,1
21904139,2021-02-01,2313005,"{'id': 6, 'descricao': 'Auxílio Emergencial', 'descricaoDetalhada': 'Auxílio Emergencial'}",3931.0,1
3404064,2021-02-01,2313203,"{'id': 6, 'descricao': 'Auxílio Emergencial', 'descricaoDetalhada': 'Auxílio Emergencial'}",600.0,1
9004156,2021-02-01,2313401,"{'id': 6, 'descricao': 'Auxílio Emergencial', 'descricaoDetalhada': 'Auxílio Emergencial'}",34081.0,11
10904172,2021-02-01,2313609,"{'id': 6, 'descricao': 'Auxílio Emergencial', 'descricaoDetalhada': 'Auxílio Emergencial'}",3000.0,1
10504127,2021-02-01,2314003,"{'id': 6, 'descricao': 'Auxílio Emergencial', 'descricaoDetalhada': 'Auxílio Emergencial'}",7231.0,4
8004157,2021-02-01,2304251,"{'id': 6, 'descricao': 'Auxílio Emergencial', 'descricaoDetalhada': 'Auxílio Emergencial'}",3300.0,2
10604101,2021-02-01,2304350,"{'id': 6, 'descricao': 'Auxílio Emergencial', 'descricaoDetalhada': 'Auxílio Emergencial'}",5570.0,3
7104049,2021-02-01,2305357,"{'id': 6, 'descricao': 'Auxílio Emergencial', 'descricaoDetalhada': 'Auxílio Emergencial'}",1800.0,1
3704091,2021-02-01,2306553,"{'id': 6, 'descricao': 'Auxílio Emergencial', 'descricaoDetalhada': 'Auxílio Emergencial'}",12000.0,3
10104171,2021-02-01,2400109,"{'id': 6, 'descricao': 'Auxílio Emergencial', 'descricaoDetalhada': 'Auxílio Emergencial'}",6000.0,3
8304094,2021-02-01,2400604,"{'id': 6, 'descricao': 'Auxílio Emergencial', 'descricaoDetalhada': 'Auxílio Emergencial'}",3000.0,1
5904300,2021-02-01,2400802,"{'id': 6, 'descricao': 'Auxílio Emergencial', 'descricaoDetalhada': 'Auxílio Emergencial'}",6000.0,2
21104225,2021-02-01,2401008,"{'id': 6, 'descricao': 'Auxílio Emergencial', 'descricaoDetalhada': 'Auxílio Emergencial'}",9600.0,5
21504096,2021-02-01,2401206,"{'id': 6, 'descricao': 'Auxílio Emergencial', 'descricaoDetalhada': 'Auxílio Emergencial'}",1200.0,1
8604194,2021-02-01,2401404,"{'id': 6, 'descricao': 'Auxílio Emergencial', 'descricaoDetalhada': 'Auxílio Emergencial'}",2400.0,1
12904178,2021-02-01,2402204,"{'id': 6, 'descricao': 'Auxílio Emergencial', 'descricaoDetalhada': 'Auxílio Emergencial'}",7442.0,3
26504053,2021-02-01,2402402,"{'id': 6, 'descricao': 'Auxílio Emergencial', 'descricaoDetalhada': 'Auxílio Emergencial'}",3000.0,1
16004111,2021-02-01,2402600,"{'id': 6, 'descricao': 'Auxílio Emergencial', 'descricaoDetalhada': 'Auxílio Emergencial'}",27600.0,15
24204197,2021-02-01,2403400,"{'id': 6, 'descricao': 'Auxílio Emergencial', 'descricaoDetalhada': 'Auxílio Emergencial'}",2400.0,1
21504128,2021-02-01,2403608,"{'id': 6, 'descricao': 'Auxílio Emergencial', 'descricaoDetalhada': 'Auxílio Emergencial'}",42000.0,22
19904203,2021-02-01,2404309,"{'id': 6, 'descricao': 'Auxílio Emergencial', 'descricaoDetalhada': 'Auxílio Emergencial'}",6000.0,2
18104069,2021-02-01,2404507,"{'id': 6, 'descricao': 'Auxílio Emergencial', 'descricaoDetalhada': 'Auxílio Emergencial'}",2400.0,2
22404220,2021-02-01,2404705,"{'id': 6, 'descricao': 'Auxílio Emergencial', 'descricaoDetalhada': 'Auxílio Emergencial'}",9000.0,2
23104238,2021-02-01,2405603,"{'id': 6, 'descricao': 'Auxílio Emergencial', 'descricaoDetalhada': 'Auxílio Emergencial'}",3000.0,1
23104328,2021-02-01,2406304,"{'id': 6, 'descricao': 'Auxílio Emergencial', 'descricaoDetalhada': 'Auxílio Emergencial'}",3000.0,1
6604055,2021-02-01,2407104,"{'id': 6, 'descricao': 'Auxílio Emergencial', 'descricaoDetalhada': 'Auxílio Emergencial'}",38090.0,19
18904045,2021-02-01,2407500,"{'id': 6, 'descricao': 'Auxílio Emergencial', 'descricaoDetalhada': 'Auxílio Emergencial'}",5700.0,5
9404282,2021-02-01,2404002,"{'id': 6, 'descricao': 'Auxílio Emergencial', 'descricaoDetalhada': 'Auxílio Emergencial'}",2400.0,1
304239,2021-02-01,2408102,"{'id': 6, 'descricao': 'Auxílio Emergencial', 'descricaoDetalhada': 'Auxílio Emergencial'}",673090.0,314
27804241,2021-02-01,2408300,"{'id': 6, 'descricao': 'Auxílio Emergencial', 'descricaoDetalhada': 'Auxílio Emergencial'}",8400.0,4
21904118,2021-02-01,2408904,"{'id': 6, 'descricao': 'Auxílio Emergencial', 'descricaoDetalhada': 'Auxílio Emergencial'}",4200.0,3
26304202,2021-02-01,2409308,"{'id': 6, 'descricao': 'Auxílio Emergencial', 'descricaoDetalhada': 'Auxílio Emergencial'}",4200.0,1
18304141,2021-02-01,2409902,"{'id': 6, 'descricao': 'Auxílio Emergencial', 'descricaoDetalhada': 'Auxílio Emergencial'}",2400.0,1
16104269,2021-02-01,2410405,"{'id': 6, 'descricao': 'Auxílio Emergencial', 'descricaoDetalhada': 'Auxílio Emergencial'}",9600.0,3
7504015,2021-02-01,2411403,"{'id': 6, 'descricao': 'Auxílio Emergencial', 'descricaoDetalhada': 'Auxílio Emergencial'}",3906.0,2
16704240,2021-02-01,2411502,"{'id': 6, 'descricao': 'Auxílio Emergencial', 'descricaoDetalhada': 'Auxílio Emergencial'}",5822.0,3
20904186,2021-02-01,2412203,"{'id': 6, 'descricao': 'Auxílio Emergencial', 'descricaoDetalhada': 'Auxílio Emergencial'}",20100.0,11
12704138,2021-02-01,2412609,"{'id': 6, 'descricao': 'Auxílio Emergencial', 'descricaoDetalhada': 'Auxílio Emergencial'}",2400.0,1
9104247,2021-02-01,2413300,"{'id': 6, 'descricao': 'Auxílio Emergencial', 'descricaoDetalhada': 'Auxílio Emergencial'}",3000.0,1
6704003,2021-02-01,2413607,"{'id': 6, 'descricao': 'Auxílio Emergencial', 'descricaoDetalhada': 'Auxílio Emergencial'}",3600.0,1
6904242,2021-02-01,2413805,"{'id': 6, 'descricao': 'Auxílio Emergencial', 'descricaoDetalhada': 'Auxílio Emergencial'}",1800.0,1
5604223,2021-02-01,2414308,"{'id': 6, 'descricao': 'Auxílio Emergencial', 'descricaoDetalhada': 'Auxílio Emergencial'}",600.0,1
3904128,2021-02-01,2414506,"{'id': 6, 'descricao': 'Auxílio Emergencial', 'descricaoDetalhada': 'Auxílio Emergencial'}",3000.0,1
21304301,2021-02-01,2500403,"{'id': 6, 'descricao': 'Auxílio Emergencial', 'descricaoDetalhada': 'Auxílio Emergencial'}",4711.0,2
8604279,2021-02-01,2501104,"{'id': 6, 'descricao': 'Auxílio Emergencial', 'descricaoDetalhada': 'Auxílio Emergencial'}",8829.0,4
12404174,2021-02-01,2501302,"{'id': 6, 'descricao': 'Auxílio Emergencial', 'descricaoDetalhada': 'Auxílio Emergencial'}",988.0,1
17604112,2021-02-01,2413359,"{'id': 6, 'descricao': 'Auxílio Emergencial', 'descricaoDetalhada': 'Auxílio Emergencial'}",10060.0,4
14504166,2021-02-01,2501807,"{'id': 6, 'descricao': 'Auxílio Emergencial', 'descricaoDetalhada': 'Auxílio Emergencial'}",78624.0,41
20804098,2021-02-01,2502003,"{'id': 6, 'descricao': 'Auxílio Emergencial', 'descricaoDetalhada': 'Auxílio Emergencial'}",3000.0,1
21904244,2021-02-01,2502706,"{'id': 6, 'descricao': 'Auxílio Emergencial', 'descricaoDetalhada': 'Auxílio Emergencial'}",2400.0,1
19504268,2021-02-01,2503308,"{'id': 6, 'descricao': 'Auxílio Emergencial', 'descricaoDetalhada': 'Auxílio Emergencial'}",3000.0,1
20304104,2021-02-01,2503704,"{'id': 6, 'descricao': 'Auxílio Emergencial', 'descricaoDetalhada': 'Auxílio Emergencial'}",6600.0,3
5304326,2021-02-01,2504306,"{'id': 6, 'descricao': 'Auxílio Emergencial', 'descricaoDetalhada': 'Auxílio Emergencial'}",6000.0,2
4504182,2021-02-01,2504504,"{'id': 6, 'descricao': 'Auxílio Emergencial', 'descricaoDetalhada': 'Auxílio Emergencial'}",2400.0,1
14504171,2021-02-01,2505808,"{'id': 6, 'descricao': 'Auxílio Emergencial', 'descricaoDetalhada': 'Auxílio Emergencial'}",1800.0,1
20904112,2021-02-01,2506400,"{'id': 6, 'descricao': 'Auxílio Emergencial', 'descricaoDetalhada': 'Auxílio Emergencial'}",6331.0,5
22804227,2021-02-01,2506608,"{'id': 6, 'descricao': 'Auxílio Emergencial', 'descricaoDetalhada': 'Auxílio Emergencial'}",1800.0,1
23204251,2021-02-01,2506905,"{'id': 6, 'descricao': 'Auxílio Emergencial', 'descricaoDetalhada': 'Auxílio Emergencial'}",6000.0,2
17304161,2021-02-01,2507200,"{'id': 6, 'descricao': 'Auxílio Emergencial', 'descricaoDetalhada': 'Auxílio Emergencial'}",6000.0,1
19904286,2021-02-01,2507309,"{'id': 6, 'descricao': 'Auxílio Emergencial', 'descricaoDetalhada': 'Auxílio Emergencial'}",6000.0,2
4204246,2021-02-01,2507507,"{'id': 6, 'descricao': 'Auxílio Emergencial', 'descricaoDetalhada': 'Auxílio Emergencial'}",569469.0,250
17104282,2021-02-01,2507705,"{'id': 6, 'descricao': 'Auxílio Emergencial', 'descricaoDetalhada': 'Auxílio Emergencial'}",5174.0,2
26004328,2021-02-01,2508604,"{'id': 6, 'descricao': 'Auxílio Emergencial', 'descricaoDetalhada': 'Auxílio Emergencial'}",3000.0,1
16404299,2021-02-01,2509206,"{'id': 6, 'descricao': 'Auxílio Emergencial', 'descricaoDetalhada': 'Auxílio Emergencial'}",4800.0,2
18104131,2021-02-01,2509800,"{'id': 6, 'descricao': 'Auxílio Emergencial', 'descricaoDetalhada': 'Auxílio Emergencial'}",1200.0,1
27404199,2021-02-01,2510204,"{'id': 6, 'descricao': 'Auxílio Emergencial', 'descricaoDetalhada': 'Auxílio Emergencial'}",6000.0,2
27604146,2021-02-01,2510808,"{'id': 6, 'descricao': 'Auxílio Emergencial', 'descricaoDetalhada': 'Auxílio Emergencial'}",23611.0,11
14604270,2021-02-01,2511806,"{'id': 6, 'descricao': 'Auxílio Emergencial', 'descricaoDetalhada': 'Auxílio Emergencial'}",3000.0,1
11004025,2021-02-01,2512002,"{'id': 6, 'descricao': 'Auxílio Emergencial', 'descricaoDetalhada': 'Auxílio Emergencial'}",8400.0,3
23204229,2021-02-01,2512408,"{'id': 6, 'descricao': 'Auxílio Emergencial', 'descricaoDetalhada': 'Auxílio Emergencial'}",600.0,1
1104072,2021-02-01,2513802,"{'id': 6, 'descricao': 'Auxílio Emergencial', 'descricaoDetalhada': 'Auxílio Emergencial'}",9600.0,3
5304207,2021-02-01,2514008,"{'id': 6, 'descricao': 'Auxílio Emergencial', 'descricaoDetalhada': 'Auxílio Emergencial'}",4200.0,1
1704129,2021-02-01,2514701,"{'id': 6, 'descricao': 'Auxílio Emergencial', 'descricaoDetalhada': 'Auxílio Emergencial'}",1200.0,1
13704188,2021-02-01,2515302,"{'id': 6, 'descricao': 'Auxílio Emergencial', 'descricaoDetalhada': 'Auxílio Emergencial'}",7353.0,5
3204175,2021-02-01,2515401,"{'id': 6, 'descricao': 'Auxílio Emergencial', 'descricaoDetalhada': 'Auxílio Emergencial'}",6307.0,4
18604251,2021-02-01,2515609,"{'id': 6, 'descricao': 'Auxílio Emergencial', 'descricaoDetalhada': 'Auxílio Emergencial'}",600.0,1
13504172,2021-02-01,2516003,"{'id': 6, 'descricao': 'Auxílio Emergencial', 'descricaoDetalhada': 'Auxílio Emergencial'}",6000.0,3
8704110,2021-02-01,2516201,"{'id': 6, 'descricao': 'Auxílio Emergencial', 'descricaoDetalhada': 'Auxílio Emergencial'}",12000.0,6
9204255,2021-02-01,2211357,"{'id': 6, 'descricao': 'Auxílio Emergencial', 'descricaoDetalhada': 'Auxílio Emergencial'}",600.0,1
7704153,2021-02-01,2605152,"{'id': 6, 'descricao': 'Auxílio Emergencial', 'descricaoDetalhada': 'Auxílio Emergencial'}",2400.0,1
27304207,2021-02-01,2600401,"{'id': 6, 'descricao': 'Auxílio Emergencial', 'descricaoDetalhada': 'Auxílio Emergencial'}",6763.0,3
24704027,2021-02-01,2600609,"{'id': 6, 'descricao': 'Auxílio Emergencial', 'descricaoDetalhada': 'Auxílio Emergencial'}",3211.0,3
24604217,2021-02-01,2600708,"{'id': 6, 'descricao': 'Auxílio Emergencial', 'descricaoDetalhada': 'Auxílio Emergencial'}",6600.0,2
8404251,2021-02-01,2601201,"{'id': 6, 'descricao': 'Auxílio Emergencial', 'descricaoDetalhada': 'Auxílio Emergencial'}",21000.0,5
20104255,2021-02-01,2601409,"{'id': 6, 'descricao': 'Auxílio Emergencial', 'descricaoDetalhada': 'Auxílio Emergencial'}",4371.0,3
21404042,2021-02-01,2601706,"{'id': 6, 'descricao': 'Auxílio Emergencial', 'descricaoDetalhada': 'Auxílio Emergencial'}",17229.0,10
8604300,2021-02-01,2601904,"{'id': 6, 'descricao': 'Auxílio Emergencial', 'descricaoDetalhada': 'Auxílio Emergencial'}",30634.0,12
6004322,2021-02-01,2602100,"{'id': 6, 'descricao': 'Auxílio Emergencial', 'descricaoDetalhada': 'Auxílio Emergencial'}",2700.0,3
3404082,2021-02-01,2602506,"{'id': 6, 'descricao': 'Auxílio Emergencial', 'descricaoDetalhada': 'Auxílio Emergencial'}",1800.0,1
6004299,2021-02-01,2602704,"{'id': 6, 'descricao': 'Auxílio Emergencial', 'descricaoDetalhada': 'Auxílio Emergencial'}",5851.0,3
17504288,2021-02-01,2602902,"{'id': 6, 'descricao': 'Auxílio Emergencial', 'descricaoDetalhada': 'Auxílio Emergencial'}",93481.0,43
27504217,2021-02-01,2603108,"{'id': 6, 'descricao': 'Auxílio Emergencial', 'descricaoDetalhada': 'Auxílio Emergencial'}",3000.0,1
6704139,2021-02-01,2603504,"{'id': 6, 'descricao': 'Auxílio Emergencial', 'descricaoDetalhada': 'Auxílio Emergencial'}",632.0,1
14404135,2021-02-01,2603603,"{'id': 6, 'descricao': 'Auxílio Emergencial', 'descricaoDetalhada': 'Auxílio Emergencial'}",3000.0,1
12004298,2021-02-01,2604007,"{'id': 6, 'descricao': 'Auxílio Emergencial', 'descricaoDetalhada': 'Auxílio Emergencial'}",18060.0,10
24904257,2021-02-01,2604205,"{'id': 6, 'descricao': 'Auxílio Emergencial', 'descricaoDetalhada': 'Auxílio Emergencial'}",1620.0,1
18104142,2021-02-01,2604601,"{'id': 6, 'descricao': 'Auxílio Emergencial', 'descricaoDetalhada': 'Auxílio Emergencial'}",4200.0,1
1304297,2021-02-01,2605202,"{'id': 6, 'descricao': 'Auxílio Emergencial', 'descricaoDetalhada': 'Auxílio Emergencial'}",7409.0,5
3704134,2021-02-01,2605400,"{'id': 6, 'descricao': 'Auxílio Emergencial', 'descricaoDetalhada': 'Auxílio Emergencial'}",3000.0,1
23704219,2021-02-01,2605608,"{'id': 6, 'descricao': 'Auxílio Emergencial', 'descricaoDetalhada': 'Auxílio Emergencial'}",2788.0,2
25104157,2021-02-01,2606002,"{'id': 6, 'descricao': 'Auxílio Emergencial', 'descricaoDetalhada': 'Auxílio Emergencial'}",60299.0,33
25204175,2021-02-01,2606200,"{'id': 6, 'descricao': 'Auxílio Emergencial', 'descricaoDetalhada': 'Auxílio Emergencial'}",18739.0,10
24704112,2021-02-01,2606408,"{'id': 6, 'descricao': 'Auxílio Emergencial', 'descricaoDetalhada': 'Auxílio Emergencial'}",40093.0,15
27704267,2021-02-01,2606606,"{'id': 6, 'descricao': 'Auxílio Emergencial', 'descricaoDetalhada': 'Auxílio Emergencial'}",1200.0,1
7304103,2021-02-01,2606804,"{'id': 6, 'descricao': 'Auxílio Emergencial', 'descricaoDetalhada': 'Auxílio Emergencial'}",45077.0,19
7204035,2021-02-01,2607208,"{'id': 6, 'descricao': 'Auxílio Emergencial', 'descricaoDetalhada': 'Auxílio Emergencial'}",36113.0,17
7304061,2021-02-01,2607604,"{'id': 6, 'descricao': 'Auxílio Emergencial', 'descricaoDetalhada': 'Auxílio Emergencial'}",14074.0,4
5304204,2021-02-01,2607802,"{'id': 6, 'descricao': 'Auxílio Emergencial', 'descricaoDetalhada': 'Auxílio Emergencial'}",6600.0,4
26403985,2021-02-01,2608404,"{'id': 6, 'descricao': 'Auxílio Emergencial', 'descricaoDetalhada': 'Auxílio Emergencial'}",4200.0,1
12604247,2021-02-01,2608800,"{'id': 6, 'descricao': 'Auxílio Emergencial', 'descricaoDetalhada': 'Auxílio Emergencial'}",5180.0,2
20004201,2021-02-01,2609402,"{'id': 6, 'descricao': 'Auxílio Emergencial', 'descricaoDetalhada': 'Auxílio Emergencial'}",16479.0,12
13604181,2021-02-01,2609600,"{'id': 6, 'descricao': 'Auxílio Emergencial', 'descricaoDetalhada': 'Auxílio Emergencial'}",279633.0,120
7904129,2021-02-01,2610004,"{'id': 6, 'descricao': 'Auxílio Emergencial', 'descricaoDetalhada': 'Auxílio Emergencial'}",9000.0,2
8804244,2021-02-01,2610608,"{'id': 6, 'descricao': 'Auxílio Emergencial', 'descricaoDetalhada': 'Auxílio Emergencial'}",19500.0,10
12004163,2021-02-01,2610806,"{'id': 6, 'descricao': 'Auxílio Emergencial', 'descricaoDetalhada': 'Auxílio Emergencial'}",4606.0,2
12604381,2021-02-01,2611309,"{'id': 6, 'descricao': 'Auxílio Emergencial', 'descricaoDetalhada': 'Auxílio Emergencial'}",211.0,1
14704045,2021-02-01,2611804,"{'id': 6, 'descricao': 'Auxílio Emergencial', 'descricaoDetalhada': 'Auxílio Emergencial'}",4200.0,2
1204060,2021-02-01,2612208,"{'id': 6, 'descricao': 'Auxílio Emergencial', 'descricaoDetalhada': 'Auxílio Emergencial'}",19413.0,9
17004126,2021-02-01,2612406,"{'id': 6, 'descricao': 'Auxílio Emergencial', 'descricaoDetalhada': 'Auxílio Emergencial'}",3986.0,1
21304196,2021-02-01,2612505,"{'id': 6, 'descricao': 'Auxílio Emergencial', 'descricaoDetalhada': 'Auxílio Emergencial'}",27787.0,10
18304182,2021-02-01,2612901,"{'id': 6, 'descricao': 'Auxílio Emergencial', 'descricaoDetalhada': 'Auxílio Emergencial'}",1200.0,1
2304150,2021-02-01,2613206,"{'id': 6, 'descricao': 'Auxílio Emergencial', 'descricaoDetalhada': 'Auxílio Emergencial'}",4800.0,4
25304192,2021-02-01,2613404,"{'id': 6, 'descricao': 'Auxílio Emergencial', 'descricaoDetalhada': 'Auxílio Emergencial'}",7200.0,3
4804234,2021-02-01,2613602,"{'id': 6, 'descricao': 'Auxílio Emergencial', 'descricaoDetalhada': 'Auxílio Emergencial'}",7554.0,5
16804226,2021-02-01,2614501,"{'id': 6, 'descricao': 'Auxílio Emergencial', 'descricaoDetalhada': 'Auxílio Emergencial'}",4018.0,3
13304248,2021-02-01,2607653,"{'id': 6, 'descricao': 'Auxílio Emergencial', 'descricaoDetalhada': 'Auxílio Emergencial'}",5431.0,4
18904114,2021-02-01,2615201,"{'id': 6, 'descricao': 'Auxílio Emergencial', 'descricaoDetalhada': 'Auxílio Emergencial'}",3600.0,3
23404080,2021-02-01,2603454,"{'id': 6, 'descricao': 'Auxílio Emergencial', 'descricaoDetalhada': 'Auxílio Emergencial'}",85716.0,44
8704067,2021-02-01,2607752,"{'id': 6, 'descricao': 'Auxílio Emergencial', 'descricaoDetalhada': 'Auxílio Emergencial'}",7629.0,3
18604202,2021-02-01,2706448,"{'id': 6, 'descricao': 'Auxílio Emergencial', 'descricaoDetalhada': 'Auxílio Emergencial'}",1411.0,2
6504147,2021-02-01,3112653,"{'id': 6, 'descricao': 'Auxílio Emergencial', 'descricaoDetalhada': 'Auxílio Emergencial'}",9000.0,3
12704236,2021-02-01,3115458,"{'id': 6, 'descricao': 'Auxílio Emergencial', 'descricaoDetalhada': 'Auxílio Emergencial'}",4200.0,2
10604149,2021-02-01,3135076,"{'id': 6, 'descricao': 'Auxílio Emergencial', 'descricaoDetalhada': 'Auxílio Emergencial'}",6600.0,2
23404120,2021-02-01,3170057,"{'id': 6, 'descricao': 'Auxílio Emergencial', 'descricaoDetalhada': 'Auxílio Emergencial'}",3000.0,1
10404240,2021-02-01,3158953,"{'id': 6, 'descricao': 'Auxílio Emergencial', 'descricaoDetalhada': 'Auxílio Emergencial'}",30151.0,12
12204136,2021-02-01,3162575,"{'id': 6, 'descricao': 'Auxílio Emergencial', 'descricaoDetalhada': 'Auxílio Emergencial'}",3600.0,2
6504149,2021-02-01,3101631,"{'id': 6, 'descricao': 'Auxílio Emergencial', 'descricaoDetalhada': 'Auxílio Emergencial'}",3000.0,2
25604154,2021-02-01,3136652,"{'id': 6, 'descricao': 'Auxílio Emergencial', 'descricaoDetalhada': 'Auxílio Emergencial'}",3000.0,1
1504154,2021-02-01,3143450,"{'id': 6, 'descricao': 'Auxílio Emergencial', 'descricaoDetalhada': 'Auxílio Emergencial'}",3600.0,1
23404008,2021-02-01,2700201,"{'id': 6, 'descricao': 'Auxílio Emergencial', 'descricaoDetalhada': 'Auxílio Emergencial'}",3000.0,1
15804274,2021-02-01,2700300,"{'id': 6, 'descricao': 'Auxílio Emergencial', 'descricaoDetalhada': 'Auxílio Emergencial'}",124103.0,53
27804355,2021-02-01,2700409,"{'id': 6, 'descricao': 'Auxílio Emergencial', 'descricaoDetalhada': 'Auxílio Emergencial'}",1029.0,1
9104184,2021-02-01,2700607,"{'id': 6, 'descricao': 'Auxílio Emergencial', 'descricaoDetalhada': 'Auxílio Emergencial'}",3000.0,1
6404282,2021-02-01,2701001,"{'id': 6, 'descricao': 'Auxílio Emergencial', 'descricaoDetalhada': 'Auxílio Emergencial'}",3470.0,2
20904166,2021-02-01,2702207,"{'id': 6, 'descricao': 'Auxílio Emergencial', 'descricaoDetalhada': 'Auxílio Emergencial'}",4200.0,2
12604313,2021-02-01,2702504,"{'id': 6, 'descricao': 'Auxílio Emergencial', 'descricaoDetalhada': 'Auxílio Emergencial'}",600.0,1
21304156,2021-02-01,2702900,"{'id': 6, 'descricao': 'Auxílio Emergencial', 'descricaoDetalhada': 'Auxílio Emergencial'}",6000.0,2
6104291,2021-02-01,2703106,"{'id': 6, 'descricao': 'Auxílio Emergencial', 'descricaoDetalhada': 'Auxílio Emergencial'}",11131.0,3
13404312,2021-02-01,2704302,"{'id': 6, 'descricao': 'Auxílio Emergencial', 'descricaoDetalhada': 'Auxílio Emergencial'}",529121.0,221
1204079,2021-02-01,2704906,"{'id': 6, 'descricao': 'Auxílio Emergencial', 'descricaoDetalhada': 'Auxílio Emergencial'}",2400.0,2
14704058,2021-02-01,2705606,"{'id': 6, 'descricao': 'Auxílio Emergencial', 'descricaoDetalhada': 'Auxílio Emergencial'}",1200.0,1
12104036,2021-02-01,2705804,"{'id': 6, 'descricao': 'Auxílio Emergencial', 'descricaoDetalhada': 'Auxílio Emergencial'}",600.0,1
16304232,2021-02-01,2706000,"{'id': 6, 'descricao': 'Auxílio Emergencial', 'descricaoDetalhada': 'Auxílio Emergencial'}",4653.0,2
8804149,2021-02-01,2706406,"{'id': 6, 'descricao': 'Auxílio Emergencial', 'descricaoDetalhada': 'Auxílio Emergencial'}",9860.0,5
20504203,2021-02-01,2706802,"{'id': 6, 'descricao': 'Auxílio Emergencial', 'descricaoDetalhada': 'Auxílio Emergencial'}",421.0,1
704147,2021-02-01,2707206,"{'id': 6, 'descricao': 'Auxílio Emergencial', 'descricaoDetalhada': 'Auxílio Emergencial'}",1021.0,1
25304127,2021-02-01,2707701,"{'id': 6, 'descricao': 'Auxílio Emergencial', 'descricaoDetalhada': 'Auxílio Emergencial'}",18300.0,9
14904049,2021-02-01,2707909,"{'id': 6, 'descricao': 'Auxílio Emergencial', 'descricaoDetalhada': 'Auxílio Emergencial'}",722.0,2
21604288,2021-02-01,2708501,"{'id': 6, 'descricao': 'Auxílio Emergencial', 'descricaoDetalhada': 'Auxílio Emergencial'}",8431.0,4
12503996,2021-02-01,2708907,"{'id': 6, 'descricao': 'Auxílio Emergencial', 'descricaoDetalhada': 'Auxílio Emergencial'}",5207.0,3
8404283,2021-02-01,2709301,"{'id': 6, 'descricao': 'Auxílio Emergencial', 'descricaoDetalhada': 'Auxílio Emergencial'}",12000.0,4
18804231,2021-02-01,2708956,"{'id': 6, 'descricao': 'Auxílio Emergencial', 'descricaoDetalhada': 'Auxílio Emergencial'}",4200.0,1
26804180,2021-02-01,3135050,"{'id': 6, 'descricao': 'Auxílio Emergencial', 'descricaoDetalhada': 'Auxílio Emergencial'}",1020.0,1
6004261,2021-02-01,3300456,"{'id': 6, 'descricao': 'Auxílio Emergencial', 'descricaoDetalhada': 'Auxílio Emergencial'}",185102.0,107
10404256,2021-02-01,3304144,"{'id': 6, 'descricao': 'Auxílio Emergencial', 'descricaoDetalhada': 'Auxílio Emergencial'}",67473.0,43
304272,2021-02-01,3302270,"{'id': 6, 'descricao': 'Auxílio Emergencial', 'descricaoDetalhada': 'Auxílio Emergencial'}",26270.0,19
25904205,2021-02-01,3300159,"{'id': 6, 'descricao': 'Auxílio Emergencial', 'descricaoDetalhada': 'Auxílio Emergencial'}",600.0,1
18604178,2021-02-01,3300951,"{'id': 6, 'descricao': 'Auxílio Emergencial', 'descricaoDetalhada': 'Auxílio Emergencial'}",3000.0,1
12904249,2021-02-01,3203346,"{'id': 6, 'descricao': 'Auxílio Emergencial', 'descricaoDetalhada': 'Auxílio Emergencial'}",10200.0,3
204280,2021-02-01,3205150,"{'id': 6, 'descricao': 'Auxílio Emergencial', 'descricaoDetalhada': 'Auxílio Emergencial'}",3000.0,1
23204205,2021-02-01,3515152,"{'id': 6, 'descricao': 'Auxílio Emergencial', 'descricaoDetalhada': 'Auxílio Emergencial'}",4200.0,2
1704114,2021-02-01,3537156,"{'id': 6, 'descricao': 'Auxílio Emergencial', 'descricaoDetalhada': 'Auxílio Emergencial'}",3000.0,1
5404068,2021-02-01,3506359,"{'id': 6, 'descricao': 'Auxílio Emergencial', 'descricaoDetalhada': 'Auxílio Emergencial'}",15753.0,8
7404233,2021-02-01,3520426,"{'id': 6, 'descricao': 'Auxílio Emergencial', 'descricaoDetalhada': 'Auxílio Emergencial'}",10800.0,9
4182,2021-02-01,3540754,"{'id': 6, 'descricao': 'Auxílio Emergencial', 'descricaoDetalhada': 'Auxílio Emergencial'}",17100.0,11
21304219,2021-02-01,3500758,"{'id': 6, 'descricao': 'Auxílio Emergencial', 'descricaoDetalhada': 'Auxílio Emergencial'}",6000.0,1
20204113,2021-02-01,2922755,"{'id': 6, 'descricao': 'Auxílio Emergencial', 'descricaoDetalhada': 'Auxílio Emergencial'}",3000.0,1
